<!-- Creative Commons License -->
<para>
<ulink rel="license"
       url="http://creativecommons.org/licenses/by/2.0/">
  <mediaobject>
    <imageobject>
      <imagedata
       fileref="http://creativecommons.org/images/public/somerights20.gif"
       format="JPG" scale="100"/>
    </imageobject>
   </mediaobject>
</ulink>
</para>
<para>This work is licensed under a
      <ulink url="http://creativecommons.org/licenses/by/2.0/">
      Creative Commons License</ulink>
</para>
<!-- /Creative Commons License -->
