<!--
//
// Created       : 1999 Dec 29 (Wed) 14:53:37 by Harold Carr.
// Last Modified : 2004 Dec 11 (Sat) 21:44:09 by Harold Carr.
//
-->
<chapter id="llava-ch-download">

  <title>Download, install, run</title>

  <!-- ================================================================= -->
  <!-- ======================== DOWNLOAD  ============================== -->
  <!-- ================================================================= -->
  <sect1 id="llava-ch-download-sect-download">

    <itemizedlist>

      <listitem><para>
      Requires J2SE 1.2 or greater.
      </para></listitem>

      <listitem><para>
      Go to <ulink url="http://llava.org">llava.org</ulink>
      </para></listitem>

      <listitem><para>
      Download <ulink url="http://llava.org/llava.zip">llava.zip</ulink>
      </para></listitem>

      <listitem><para>
      Unzip it resulting in <literal>llava.jar</literal>
      </para></listitem>

      <listitem><para>
      Startup: <literal>java -jar llava.jar</literal>
      </para></listitem>

      <listitem><para>
      Or: <literal>java -cp llava.jar org.llava.Llava</literal>
      </para></listitem>

      <listitem><para>
      Note, you should start up with the main class,
      <literal>org.llava.Llava</literal>,
      if you want to import llava files (i.e., <literal>*.lva</literal>)
      from locations on your classpath
      </para></listitem>

      <listitem><para>
      Examples: check out the libraries in <literal>org.llava.lib</literal>
      in <literal>llava.jar</literal>
      </para></listitem>

      <listitem><para>
      Optional source code: <ulink url="http://llava.org/llavasrc.zip">llavasrc.zip</ulink>
      </para></listitem>

      <listitem><para>
      <ulink url="http://llava.org/ChangeLog">ChangeLog</ulink>
      </para></listitem>

      <listitem><para>
      <ulink url="http://llava.org/VERSION">&version;</ulink>
      </para></listitem>

      <listitem><para>
      <ulink url="http://llava.org/BUGS">Known bugs</ulink>
      </para></listitem>

      <listitem><para>
      For a full list of improvements see the 
      <ulink url="http://llava.org/TODO">TODO</ulink> list
      </para></listitem>

      <listitem><para>
      <ulink url="http://llava.org/archive">Previous versions</ulink>
      </para></listitem>

    </itemizedlist>

  </sect1>

</chapter>

<!--
local variables: 
sgml-parent-document: ("llava.xml" "chapter")
end:
-->
