<?xml version="1.0"?>

<!--
//
// Created       : 1999 Dec 29 (Wed) 14:53:37 by Harold Carr.
// Last Modified : 2005 Mar 16 (Wed) 13:09:35 by Harold Carr.
//
-->

<!DOCTYPE book SYSTEM "/usr/local/hc/xml/docbook/docbook-xml-4.3/docbookx.dtd"
[
<!ENTITY lva-et          SYSTEM "lva-et.xml">
<!ENTITY lva-te          SYSTEM "lva-te.xml">
<!ENTITY ap-Motivation   SYSTEM "ap-Motivation.xml">
<!ENTITY ch-Download     SYSTEM "ch-Download.xml">
<!ENTITY ch-Libraries    SYSTEM "ch-Libraries.xml">
<!ENTITY lastModified    SYSTEM "../.generated/LastModified.txt">
<!ENTITY copyright       SYSTEM "../../COPYRIGHT.txt">
<!ENTITY license         SYSTEM "../../LICENSE.xml">
<!ENTITY version         SYSTEM "../../VERSION">

<!ENTITY builtins        SYSTEM "../.generated/org/llava/llava.xml">

<!ENTITY lib-control     SYSTEM "../.generated/org/llava/lib/Control.xml">
<!ENTITY lib-Exception  SYSTEM "../.generated/org/llava/lib/Exception.xml">
<!ENTITY lib-List       SYSTEM "../.generated/org/llava/lib/List.xml">
<!ENTITY lib-llava-doc   SYSTEM "../.generated/org/llava/lib/LlavaDoc.xml">
<!ENTITY lib-Macro      SYSTEM "../.generated/org/llava/lib/Macro.xml">
<!ENTITY lib-program     SYSTEM "../.generated/org/llava/lib/Program.xml">
<!ENTITY lib-String     SYSTEM "../.generated/org/llava/lib/String.xml">
<!ENTITY lib-Thread     SYSTEM "../.generated/org/llava/lib/Thread.xml">
<!ENTITY lib-Vector     SYSTEM "../.generated/org/llava/lib/Vector.xml">


<!ENTITY lib-cl-control SYSTEM "../.generated/org/llava/lib/cl/Control.xml">
<!ENTITY lib-cl-Macro  SYSTEM "../.generated/org/llava/lib/cl/Macro.xml">
<!ENTITY lib-cl-Symbol SYSTEM "../.generated/org/llava/lib/cl/Symbol.xml">
<!ENTITY lib-cl-Sequence SYSTEM "../.generated/org/llava/lib/cl/Sequence.xml">


<!ENTITY lib-io-directorwalker SYSTEM "../.generated/org/llava/lib/io/DirectoryWalker.xml">
<!ENTITY lib-io-filewalker SYSTEM "../.generated/org/llava/lib/io/FileWalker.xml">


<!ENTITY lib-java-lang SYSTEM "../.generated/org/llava/lib/java/Lang.xml">

<!ENTITY  lib-reflect-namespace SYSTEM "../.generated/org/llava/lib/reflect/Namespace.xml">
<!ENTITY  lib-reflect-reflect SYSTEM "../.generated/org/llava/lib/reflect/Reflect.xml">


<!ENTITY lib-scm-List SYSTEM "../.generated/org/llava/lib/scm/List.xml">
<!ENTITY lib-scm-Predicate SYSTEM "../.generated/org/llava/lib/scm/Predicate.xml">
<!ENTITY lib-scm-String SYSTEM "../.generated/org/llava/lib/scm/String.xml">
<!ENTITY lib-scm-Vector SYSTEM "../.generated/org/llava/lib/scm/Vector.xml">

<!ENTITY lib-test-test SYSTEM "../.generated/org/llava/lib/test/Test.xml">

<!ENTITY lib-xml-l2x SYSTEM "../.generated/org/llava/lib/xml/L2X.xml">


]>

  <book id="llava">
  <title>&version;</title>
  <subtitle> 
  <mediaobject>
    <imageobject>
      <imagedata fileref="http://llava.org/images/atitlan.jpg"
      	         format="JPG" scale="100" />
    </imageobject>
  </mediaobject>
  </subtitle> 

  <bookinfo>
    <legalnotice>
      <para>llava</para>

      <para>llava is Java in 
        <ulink url="http://www.alu.org/">Lisp</ulink> syntax
        (or a <ulink url="http://www.schemers.org/">Scheme</ulink>-like
        interface to Java).</para>

      <para><ulink url="http://www.lisp.org/">Lisp</ulink>
        + 
	<!-- 
        <ulink url="http://java.sun.com/">jAVA</ulink>
        -->
        jAVA
        = lava (but lava.org already taken, 
        thus: <emphasis>llava</emphasis>)</para>

      <para>llava is pronounced "lava" - like the molten stuff, or "yava"
        - as in Spanish.</para>
    </legalnotice>
  </bookinfo>

  <!-- ================================================== -->

  <part>
    <title>Reference</title>
    &ch-Download;
    <chapter>
      <title>The llava Language</title>
      &builtins;
    </chapter>
    &ch-Libraries;
  </part>
  <part>
    <title>Implementation</title>
    <para>...</para>
  </part>
  <part>
    <title>Appendices</title>
    &ap-Motivation;
  </part>

  <!-- ================================================== -->

  <appendix id="copyrightAndLicense">
    <title>Copyright and License</title>

    <para>&copyright;</para>

    <para>&license;</para>
  </appendix>

  <para>llava is <emphasis>not</emphasis> associated with 
  Sun Microsystems.</para>

  <para><emphasis>Java is a trademark of Sun Microsystems.</emphasis></para>

  <para>&lastModified;</para>

  </book>

<!-- End of file -->
